Course,Enroll,GPA,yearly_num,dept,num,index
AAS 10,334,3.6767065868263473,135,AAS,10,0
AAS 11,65,3.71,65,AAS,11,1
AAS 170,51,3.7505882352941176,51,AAS,170,2
