Course,Enroll,GPA,yearly_num,dept,num,index
ANAR 100,20,3.3,20,ANAR,100,0
ANAR 115,26,3.07,26,ANAR,115,1
ANAR 116,27,3.6200000000000006,27,ANAR,116,2
ANAR 135,46,3.994782608695652,24,ANAR,135,3
ANAR 143,61,3.5431147540983607,25,ANAR,143,4
ANAR 155,45,3.9846666666666666,22,ANAR,155,5
ANAR 164,81,3.4472839506172837,41,ANAR,164,6
