Course,Enroll,GPA,yearly_num,dept,num,index
ANAR 100,20,3.3,20,ANAR,100,0
ANAR 116,27,3.58,27,ANAR,116,1
ANAR 135,46,3.994782608695652,24,ANAR,135,2
ANAR 143,61,3.5431147540983607,61,ANAR,143,3
ANAR 146,78,3.38,78,ANAR,146,4
ANAR 155,23,3.97,23,ANAR,155,5
ANAR 156,36,3.81,36,ANAR,156,6
ANAR 164,81,3.4472839506172837,41,ANAR,164,7
