Course,GPA,yearly_num,dept,num,index
ANAR 116,3.35,16,ANAR,116,0
ANAR 135,4.0,22,ANAR,135,1
ANAR 143,3.4206944444444445,36,ANAR,143,2
ANAR 144,2.9745945945945946,15,ANAR,144,3
ANAR 146,3.525886075949367,78,ANAR,146,4
ANAR 155,3.983953488372093,23,ANAR,155,5
ANAR 156,3.398215384615385,36,ANAR,156,6
ANAR 159,3.25,31,ANAR,159,7
ANAR 164,3.3060714285714283,40,ANAR,164,8
ANAR 166,3.5115384615384615,28,ANAR,166,9
