Course,Enroll,GPA,yearly_num,dept,num,index
ANAR 116,24,3.35,16,ANAR,116,0
ANAR 135,22,4.0,22,ANAR,135,1
ANAR 143,216,3.4206944444444445,36,ANAR,143,2
ANAR 144,111,2.9745945945945946,15,ANAR,144,3
ANAR 146,158,3.525886075949367,78,ANAR,146,4
ANAR 155,43,3.983953488372093,23,ANAR,155,5
ANAR 156,325,3.398215384615385,36,ANAR,156,6
ANAR 159,31,3.25,31,ANAR,159,7
ANAR 164,112,3.3060714285714283,40,ANAR,164,8
ANAR 166,52,3.5115384615384615,28,ANAR,166,9
