Course,Enroll,GPA,yearly_num,dept,num,index
ANBI 100,58,3.9803448275862072,30,ANBI,100,0
ANBI 111,22,2.93,22,ANBI,111,1
ANBI 130,71,3.41,71,ANBI,130,2
ANBI 139,157,3.4,157,ANBI,139,3
ANBI 140,74,2.468378378378379,36,ANBI,140,4
ANBI 141,323,3.727863777089783,186,ANBI,141,5
ANBI 143,58,3.4720689655172414,33,ANBI,143,6
ANBI 144,72,3.0366666666666666,32,ANBI,144,7
ANBI 145,40,3.0300000000000002,20,ANBI,145,8
ANBI 173,20,3.4900000000000007,20,ANBI,173,9
ANBI 175,22,2.9,18,ANBI,175,10
