Course,Enroll,GPA,yearly_num,dept,num,index
ANBI 100,58,3.9803448275862072,30,ANBI,100,0
ANBI 111,25,2.23,19,ANBI,111,1
ANBI 121,35,3.8700000000000006,35,ANBI,121,2
ANBI 130,71,3.4,71,ANBI,130,3
ANBI 139,157,3.39,157,ANBI,139,4
ANBI 140,38,2.41,38,ANBI,140,5
ANBI 141,323,3.727863777089783,186,ANBI,141,6
ANBI 143,91,3.583736263736264,33,ANBI,143,7
ANBI 144,72,3.0366666666666666,72,ANBI,144,8
ANBI 145,40,3.0300000000000002,20,ANBI,145,9
ANBI 175,22,2.9,18,ANBI,175,10
