Course,GPA,yearly_num,dept,num,index
AWP 1,2.5191404958677683,0,AWP,1,0
AWP 2A,2.678689655172414,0,AWP,2,1
AWP 2B,2.661433189655172,0,AWP,2,2
AWP 3,2.7393797468354433,1004,AWP,3,3
AWP 4B,2.847671957671958,587,AWP,4,4
AWP 10,3.557990506329114,316,AWP,10,5
