Course,GPA,yearly_num,dept,num,index
AWP 3,2.7393797468354433,1140,AWP,3,0
AWP 4B,2.847671957671958,696,AWP,4,1
AWP 10,3.557990506329114,451,AWP,10,2
