Course,Enroll,GPA,yearly_num,dept,num,index
AWP 3,2161,2.7843590930124944,1306,AWP,3,0
AWP 4B,916,2.9128056768558954,468,AWP,4,1
