Course,Enroll,GPA,yearly_num,dept,num,index
AWP 3,2524,2.7788391442155307,1140,AWP,3,0
AWP 4B,1134,2.847671957671958,696,AWP,4,1
AWP 10,632,3.557990506329114,451,AWP,10,2
