Course,Enroll,GPA,yearly_num,dept,num,index
AWP 3,2161,2.7831559463211475,1315,AWP,3,0
AWP 4B,636,3.002248427672956,368,AWP,4,1
