Course,index,GPA,yearly_num,dept
AWP 1,0,2.5191404958677683,0,AWP
AWP 2A,1,2.678689655172414,0,AWP
AWP 2B,2,2.661433189655172,0,AWP
AWP 3,3,2.7393797468354433,1004,AWP
AWP 4B,4,2.847671957671958,587,AWP
AWP 10,5,3.557990506329114,316,AWP
