Course,Enroll,GPA,yearly_num,dept,num,index
BIBC 100,9709,3.018488000823978,697,BIBC,100,0
BIBC 102,24588,2.862127460549862,1305,BIBC,102,1
BIBC 103,11889,3.0827268904028937,442,BIBC,103,2
BIBC 120,9887,3.0471619298068173,337,BIBC,120,3
BIBC 151,270,3.927925925925926,68,BIBC,151,4
BIBC 194,247,3.8990283400809718,24,BIBC,194,5
