Course,Enroll,GPA,yearly_num,dept,num,index
BIBC 100,1158,3.63853195164076,481,BIBC,100,0
BIBC 102,2187,3.1671422039323276,1010,BIBC,102,1
BIBC 103,944,3.2242478813559323,502,BIBC,103,2
BIBC 194,70,3.991,46,BIBC,194,3
