Course,GPA,yearly_num,dept,num,index
BIBC 100,2.9986203605514317,697,BIBC,100,0
BIBC 102,2.857073393353524,1305,BIBC,102,1
BIBC 103,3.0798479672019132,442,BIBC,103,2
BIBC 120,3.0471619298068173,337,BIBC,120,3
BIBC 151,3.927925925925926,68,BIBC,151,4
BIBC 194,3.8924336283185843,24,BIBC,194,5
