Course,index,GPA,yearly_num,dept
BIBC 100,0,2.9986203605514317,697,BIBC
BIBC 102,1,2.857073393353524,1305,BIBC
BIBC 103,2,3.0798479672019132,442,BIBC
BIBC 104,3,3.0344134078212295,0,BIBC
BIBC 120,4,3.0471619298068173,337,BIBC
BIBC 130,5,2.8161050328227573,0,BIBC
BIBC 140,6,3.0102633402633407,0,BIBC
BIBC 151,7,3.927925925925926,68,BIBC
BIBC 194,8,3.8924336283185843,24,BIBC
