Course,Enroll,GPA,yearly_num,dept,num,index
BIBC 100,9430,2.9986203605514317,697,BIBC,100,0
BIBC 102,24103,2.857073393353524,1305,BIBC,102,1
BIBC 103,11708,3.0798479672019132,442,BIBC,103,2
BIBC 120,9887,3.0471619298068173,337,BIBC,120,3
BIBC 151,270,3.927925925925926,68,BIBC,151,4
BIBC 194,226,3.8924336283185843,24,BIBC,194,5
