Course,Enroll,GPA,yearly_num,dept,num,index
BICD 100,32247,3.0273510714174963,2824,BICD,100,0
BICD 110,12890,3.1211916214119477,1097,BICD,110,1
BICD 112,811,3.5418002466091245,112,BICD,112,2
BICD 123,636,3.5906761006289307,36,BICD,123,3
BICD 130,765,2.8023398692810457,140,BICD,130,4
BICD 136,3660,2.7127704918032784,184,BICD,136,5
BICD 140,4043,2.900976997279248,192,BICD,140,6
BICD 156,66,3.672727272727273,38,BICD,156,7
BICD 194,310,3.832774193548387,49,BICD,194,8
