Course,Enroll,GPA,yearly_num,dept,num,index
BICD 100,4421,3.2125039583804567,1881,BICD,100,0
BICD 110,2031,3.483481043820778,1030,BICD,110,1
BICD 120,50,3.5,50,BICD,120,2
BICD 136,252,2.7384920634920635,107,BICD,136,3
BICD 140,554,3.076245487364621,362,BICD,140,4
BICD 158,123,3.56,123,BICD,158,5
BICD 194,75,4.0,26,BICD,194,6
