Course,Enroll,GPA,yearly_num,dept,num,index
BICD 100,4163,3.2339658899831853,2465,BICD,100,0
BICD 110,1990,3.548,1003,BICD,110,1
BICD 112,220,3.684909090909091,112,BICD,112,2
BICD 120,50,3.5,50,BICD,120,3
BICD 123,100,3.7464,36,BICD,123,4
BICD 136,145,2.73,107,BICD,136,5
BICD 140,519,3.1268593448940267,349,BICD,140,6
BICD 194,75,4.0,49,BICD,194,7
