Course,index,GPA,yearly_num,dept
BISP 170,0,3.8093421052631578,28,BISP
BISP 194,1,3.837697787776528,141,BISP
