Course,Enroll,GPA,yearly_num,dept,num,index
BISP 170,59,3.784745762711865,28,BISP,170,0
BISP 194,278,3.9143884892086334,219,BISP,194,1
