Course,GPA,yearly_num,dept,num,index
BISP 170,3.8093421052631578,28,BISP,170,0
BISP 194,3.837697787776528,192,BISP,194,1
