Course,Enroll,GPA,yearly_num,dept,num,index
BISP 170,63,3.6566666666666667,35,BISP,170,0
BISP 194,298,3.9095302013422817,197,BISP,194,1
