Course,Enroll,GPA,yearly_num,dept,num,index
BISP 170,152,3.8093421052631578,28,BISP,170,0
BISP 194,2693,3.837237281841812,192,BISP,194,1
