Course,Enroll,GPA,yearly_num,dept,num,index
BISP 170,59,3.784745762711865,28,BISP,170,0
BISP 194,227,3.895154185022027,219,BISP,194,1
