Course,index,GPA,yearly_num,dept
CAT 1,0,3.2393434059310455,1093,CAT
CAT 2,1,3.2723155363952907,1046,CAT
CAT 3,2,3.4804577814569537,962,CAT
CAT 124,3,3.578204081632653,0,CAT
CAT 125,4,3.444492956514131,507,CAT
CAT 125R,5,3.6524884564643796,976,CAT
