Course,Enroll,GPA,yearly_num,dept,num,index
CAT 1,1927,3.6430773222625845,911,CAT,1,0
CAT 2,1670,3.6294850299401196,957,CAT,2,1
CAT 3,2091,3.7599856527977047,1020,CAT,3,2
CAT 125,1032,3.600348837209302,452,CAT,125,3
CAT 125R,1327,3.5534137151469483,700,CAT,125,4
