Course,GPA,yearly_num,dept,num,index
CAT 1,3.2393434059310455,1093,CAT,1,0
CAT 2,3.2723155363952907,1046,CAT,2,1
CAT 3,3.4804577814569537,962,CAT,3,2
CAT 124,3.578204081632653,39,CAT,124,3
CAT 125,3.444492956514131,507,CAT,125,4
CAT 125R,3.6524884564643796,976,CAT,125,5
