Course,Enroll,GPA,yearly_num,dept,num,index
CAT 1,1927,3.6430773222625845,911,CAT,1,0
CAT 2,1939,3.649907168643631,957,CAT,2,1
CAT 3,1728,3.7400289351851854,766,CAT,3,2
CAT 125,1058,3.6179017013232513,570,CAT,125,3
CAT 125R,1252,3.5584105431309907,587,CAT,125,4
