Course,Enroll,GPA,yearly_num,dept,num,index
CAT 1,1927,3.6430773222625845,911,CAT,1,0
CAT 2,1282,3.5904368174726993,957,CAT,2,1
CAT 3,2091,3.7599856527977047,1020,CAT,3,2
CAT 125,874,3.5911899313501143,452,CAT,125,3
CAT 125R,1247,3.532943063352045,700,CAT,125,4
