Course,index,GPA,yearly_num,dept
CCS 101,0,3.9677777777777776,34,CCS
CCS 102,1,3.8407692307692307,29,CCS
CCS 123,2,4.0,21,CCS
