Course,Enroll,GPA,yearly_num,dept,num,index
CCS 101,68,3.8700000000000006,34,CCS,101,0
CCS 102,65,3.950153846153846,36,CCS,102,1
CCS 123,42,3.82,21,CCS,123,2
