Course,GPA,yearly_num,dept,num,index
CCS 101,3.9677777777777776,34,CCS,101,0
CCS 102,3.8407692307692307,29,CCS,102,1
CCS 123,4.0,21,CCS,123,2
