Course,Enroll,GPA,yearly_num,dept,num,index
CCS 101,97,3.887938144329897,34,CCS,101,0
CCS 102,52,3.8407692307692307,29,CCS,102,1
CCS 123,21,4.0,21,CCS,123,2
