Course,Enroll,GPA,yearly_num,dept,num,index
CSS 1,496,3.2752822580645162,212,CSS,1,0
CSS 2,100,3.7884,28,CSS,2,1
CSS 100,69,3.5101449275362318,29,CSS,100,2
