Course,index,GPA,yearly_num,dept
CSS 1,0,3.2752822580645162,212,CSS
CSS 2,1,3.7884,28,CSS
CSS 100,2,3.5101449275362318,29,CSS
