Course,Enroll,GPA,yearly_num,dept,num,index
CSS 1,346,3.4014161849710978,235,CSS,1,0
CSS 2,63,3.5655555555555556,35,CSS,2,1
CSS 100,77,3.8124675324675317,48,CSS,100,2
