Course,Enroll,GPA,yearly_num,dept,num,index
CSS 1,613,3.3143556280587276,212,CSS,1,0
CSS 2,100,3.7884,28,CSS,2,1
CSS 100,69,3.5101449275362318,29,CSS,100,2
