Course,Enroll,GPA,yearly_num,dept,num,index
CSS 1,228,3.3193421052631575,235,CSS,1,0
CSS 2,93,3.657311827956989,63,CSS,2,1
