Course,Enroll,GPA,yearly_num,dept,num,index
DOC 1,12482,3.375382150296427,1042,DOC,1,0
DOC 2,11843,3.312994173773537,1035,DOC,2,1
DOC 3,11726,3.3796494968446185,1029,DOC,3,2
DOC 100D,1318,3.40257966616085,142,DOC,100,3
