Course,Enroll,GPA,yearly_num,dept,num,index
DOC 1,2043,3.8569652471855114,1001,DOC,1,0
DOC 2,2017,3.8073872087258303,982,DOC,2,1
DOC 3,2017,3.776360932077343,988,DOC,3,2
DOC 100D,160,3.395625,139,DOC,100,3
