Course,GPA,yearly_num,dept,num,index
DOC 1,3.3209232645239966,1042,DOC,1,0
DOC 2,3.312994173773537,1035,DOC,2,1
DOC 3,3.3796494968446185,1029,DOC,3,2
DOC 100D,3.3986524822695037,142,DOC,100,3
