Course,index,GPA,yearly_num,dept
DOC 1,0,3.3209232645239966,1042,DOC
DOC 2,1,3.312994173773537,1035,DOC
DOC 3,2,3.3796494968446185,1029,DOC
DOC 100,3,3.437482993197279,0,DOC
DOC 100D,4,3.3986524822695037,21,DOC
