Course,Enroll,GPA,yearly_num,dept,num,index
DOC 1,2043,3.8569652471855114,1001,DOC,1,0
DOC 2,1286,3.7924416796267497,982,DOC,2,1
DOC 3,1926,3.6876531671858777,1029,DOC,3,2
DOC 100D,70,3.326,139,DOC,100,3
