Course,Enroll,GPA,yearly_num,dept,num,index
DSGN 1,2233,3.580309001343484,466,DSGN,1,0
DSGN 100,1142,3.670560420315236,288,DSGN,100,1
DSGN 118,92,3.669782608695652,58,DSGN,118,2
DSGN 160,134,3.654626865671642,31,DSGN,160,3
