Course,index,GPA,yearly_num,dept
DSGN 1,0,3.563139534883721,466,DSGN
DSGN 100,1,3.6773320537428025,288,DSGN
DSGN 118,2,3.74,58,DSGN
DSGN 160,3,3.654626865671642,24,DSGN
