Course,Enroll,GPA,yearly_num,dept,num,index
DSGN 1,635,3.694173228346457,503,DSGN,1,0
DSGN 100,503,3.620934393638171,283,DSGN,100,1
DSGN 118,92,3.669782608695652,72,DSGN,118,2
DSGN 160,24,3.85,7,DSGN,160,3
