Course,Enroll,GPA,yearly_num,dept,num,index
DSGN 1,1124,3.6309430604982205,658,DSGN,1,0
DSGN 100,483,3.6285300207039337,195,DSGN,100,1
DSGN 118,130,3.6376923076923076,72,DSGN,118,2
DSGN 160,44,3.9000000000000004,20,DSGN,160,3
