Course,Enroll,GPA,yearly_num,dept,num,index
DSGN 1,832,3.6726081730769233,503,DSGN,1,0
DSGN 100,598,3.6191973244147153,283,DSGN,100,1
DSGN 118,130,3.6376923076923076,72,DSGN,118,2
DSGN 160,24,3.85,7,DSGN,160,3
