Course,Enroll,GPA,yearly_num,dept,num,index
DSGN 1,2064,3.563139534883721,466,DSGN,1,0
DSGN 100,1042,3.6773320537428025,288,DSGN,100,1
DSGN 118,58,3.74,58,DSGN,118,2
DSGN 160,134,3.654626865671642,31,DSGN,160,3
