Course,Enroll,GPA,yearly_num,dept,num,index
ENG 10,729,3.8820438957475996,126,ENG,10,0
ENG 20,117,3.8869230769230767,23,ENG,20,1
ENG 100D,2943,3.74511043153245,263,ENG,100,2
ENG 100L,396,3.9151767676767677,43,ENG,100,3
