Course,GPA,yearly_num,dept,num,index
ENG 10,3.8849573863636366,126,ENG,10,0
ENG 20,3.8603846153846155,23,ENG,20,1
ENG 100,3.5738578680203044,0,ENG,100,2
ENG 100A,3.6405476864966952,0,ENG,100,3
ENG 100B,3.943298969072165,0,ENG,100,4
ENG 100D,3.7410803226937914,263,ENG,100,5
ENG 100L,3.9151767676767677,43,ENG,100,6
