Course,Enroll,GPA,yearly_num,dept,num,index
ENG 10,172,3.730872093023256,105,ENG,10,0
ENG 20,62,3.8769354838709678,39,ENG,20,1
ENG 100D,446,3.7603139013452913,232,ENG,100,2
