Course,Enroll,GPA,yearly_num,dept,num,index
ENG 10,172,3.730872093023256,97,ENG,10,0
ENG 20,62,3.8769354838709678,39,ENG,20,1
ENG 100D,453,3.7305960264900664,190,ENG,100,2
ENG 100DR,118,3.7634745762711868,118,ENG,100,3
