Course,Enroll,GPA,yearly_num,dept,num,index
ENVR 30,373,3.8179088471849862,183,ENVR,30,0
ENVR 102,223,3.7186547085201793,90,ENVR,102,1
ENVR 110,116,3.7566379310344824,59,ENVR,110,2
ENVR 120,21,3.82,16,ENVR,120,3
ENVR 140,110,3.883636363636364,51,ENVR,140,4
