Course,Enroll,GPA,yearly_num,dept,num,index
ENVR 30,1954,3.4781064483111566,190,ENVR,30,0
ENVR 102,647,3.521437403400309,145,ENVR,102,1
ENVR 110,738,3.2795934959349595,57,ENVR,110,2
ENVR 120,88,3.899545454545454,21,ENVR,120,3
ENVR 140,858,3.598869463869464,59,ENVR,140,4
