Course,index,GPA,yearly_num,dept
ENVR 30,0,3.4781064483111566,190,ENVR
ENVR 102,1,3.521437403400309,145,ENVR
ENVR 110,2,3.2795934959349595,57,ENVR
ENVR 120,3,3.899545454545454,21,ENVR
ENVR 130,4,3.1240106951871653,0,ENVR
ENVR 140,5,3.598869463869464,59,ENVR
