Course,GPA,yearly_num,dept,num,index
ESYS 10,3.34855403348554,64,ESYS,10,0
ESYS 101,3.1562583120204604,274,ESYS,101,1
ESYS 102,3.0319187435984976,112,ESYS,102,2
ESYS 103,3.4676621417797886,200,ESYS,103,3
ESYS 120,3.24,0,ESYS,120,4
ESYS 150,3.3712903225806454,0,ESYS,150,5
ESYS 187C,3.6966037735849056,84,ESYS,187,6
ESYS 190B,3.9125140449438205,0,ESYS,190,7
