Course,Enroll,GPA,yearly_num,dept,num,index
ESYS 10,131,3.615419847328244,67,ESYS,10,0
ESYS 101,554,3.648592057761733,280,ESYS,101,1
ESYS 102,218,3.3947706422018347,106,ESYS,102,2
ESYS 103,388,3.5476288659793815,188,ESYS,103,3
ESYS 187C,165,3.6449090909090907,81,ESYS,187,4
