Course,Enroll,GPA,yearly_num,dept,num,index
ESYS 10,122,3.767704918032787,64,ESYS,10,0
ESYS 101,554,3.648592057761733,280,ESYS,101,1
ESYS 102,218,3.3947706422018347,106,ESYS,102,2
ESYS 103,343,3.6550145772594753,200,ESYS,103,3
ESYS 187C,159,3.6966037735849056,84,ESYS,187,4
