Course,Enroll,GPA,yearly_num,dept,num,index
ESYS 10,657,3.34855403348554,64,ESYS,10,0
ESYS 101,3910,3.1562583120204604,274,ESYS,101,1
ESYS 102,2929,3.0319187435984976,112,ESYS,102,2
ESYS 103,2008,3.378386454183267,200,ESYS,103,3
ESYS 187C,159,3.6966037735849056,84,ESYS,187,4
