Course,index,GPA,yearly_num,dept
ESYS 10,0,3.34855403348554,64,ESYS
ESYS 101,1,3.1562583120204604,274,ESYS
ESYS 102,2,3.0319187435984976,112,ESYS
ESYS 103,3,3.4676621417797886,200,ESYS
ESYS 120,4,3.24,0,ESYS
ESYS 150,5,3.3712903225806454,0,ESYS
ESYS 187C,6,3.6966037735849056,84,ESYS
ESYS 190B,7,3.9125140449438205,0,ESYS
