Course,Enroll,GPA,yearly_num,dept,num,index
GSS 20,180,3.853388888888889,180,GSS,20,0
GSS 22,77,3.611818181818182,28,GSS,22,1
