Course,index,GPA,yearly_num,dept
HIAF 111,0,3.413699421965318,73,HIAF
HIAF 112,1,3.552873563218391,47,HIAF
HIAF 113,2,3.451279069767442,76,HIAF
HIAF 120,3,3.337920792079208,0,HIAF
HIAF 123,4,3.6312280701754385,47,HIAF
