Course,Enroll,GPA,yearly_num,dept,num,index
HIAF 111,1038,3.413699421965318,73,HIAF,111,0
HIAF 112,435,3.552873563218391,47,HIAF,112,1
HIAF 113,688,3.451279069767442,76,HIAF,113,2
HIAF 123,114,3.6312280701754385,47,HIAF,123,3
