Course,Enroll,GPA,yearly_num,dept,num,index
HIAF 111,136,3.374191176470588,63,HIAF,111,0
HIAF 113,145,3.3996551724137927,69,HIAF,113,1
