Course,Enroll,GPA,yearly_num,dept,num,index
HIEA 112,175,3.856228571428572,51,HIEA,112,0
HIEA 114,74,3.75,74,HIEA,114,1
HIEA 115,97,3.78,97,HIEA,115,2
HIEA 124,44,2.76,44,HIEA,124,3
HIEA 137,102,2.742941176470588,54,HIEA,137,4
HIEA 140R,24,3.23,24,HIEA,140,5
HIEA 144,66,3.239090909090909,104,HIEA,144,6
HIEA 150,52,3.0300000000000002,52,HIEA,150,7
HIEA 153,47,3.07,47,HIEA,153,8
