Course,Enroll,GPA,yearly_num,dept,num,index
HIEA 112,175,3.856228571428572,51,HIEA,112,0
HIEA 114,175,3.8365714285714283,101,HIEA,114,1
HIEA 131,92,3.305,46,HIEA,131,2
HIEA 137,102,2.742941176470588,54,HIEA,137,3
HIEA 138,55,2.866363636363636,24,HIEA,138,4
HIEA 140R,24,3.23,18,HIEA,140,5
HIEA 144,66,3.239090909090909,74,HIEA,144,6
HIEA 150,52,3.0300000000000002,52,HIEA,150,7
