Course,GPA,yearly_num,dept,num,index
HILA 101,3.1924860335195535,48,HILA,101,0
HILA 102,3.2752661064425768,47,HILA,102,1
HILA 121B,3.555026455026455,52,HILA,121,2
