Course,Enroll,GPA,yearly_num,dept,num,index
HILA 119,123,3.5271544715447156,68,HILA,119,0
HILA 122,102,3.5366666666666666,58,HILA,122,1
