Course,Enroll,GPA,yearly_num,dept,num,index
HILA 114,59,3.21,59,HILA,114,0
HILA 119,123,3.5271544715447156,68,HILA,119,1
HILA 121A,43,3.54,43,HILA,121,2
HILA 122,102,3.5366666666666666,58,HILA,122,3
