Course,Enroll,GPA,yearly_num,dept,num,index
HINE 100,51,3.44,51,HINE,100,0
HINE 109,108,3.1199999999999997,36,HINE,109,1
HINE 116,85,2.8798823529411766,31,HINE,116,2
HINE 118,33,2.8,14,HINE,118,3
HINE 119,96,3.5262499999999997,51,HINE,119,4
HINE 120,86,3.5702325581395353,42,HINE,120,5
HINE 128,20,3.21,20,HINE,128,6
HINE 144,71,3.13887323943662,45,HINE,144,7
HINE 145,75,3.2,16,HINE,145,8
