Course,GPA,yearly_num,dept,num,index
HINE 109,3.310909090909091,72,HINE,109,0
HINE 116,3.287068723702665,54,HINE,116,1
HINE 118,3.2258595387840674,33,HINE,118,2
HINE 119,3.3559961315280464,45,HINE,119,3
HINE 120,3.49058064516129,44,HINE,120,4
HINE 144,3.214193548387097,26,HINE,144,5
HINE 145,3.4219354838709677,75,HINE,145,6
