Course,Enroll,GPA,yearly_num,dept,num,index
HINE 109,72,3.11,36,HINE,109,0
HINE 116,85,2.8798823529411766,31,HINE,116,1
HINE 119,45,3.5899999999999994,51,HINE,119,2
HINE 120,44,3.58,44,HINE,120,3
HINE 128,20,3.21,20,HINE,128,4
HINE 144,107,3.2502803738317754,45,HINE,144,5
HINE 145,123,3.36,75,HINE,145,6
