Course,Enroll,GPA,yearly_num,dept,num,index
HISC 106,39,3.75,39,HISC,106,0
HISC 108,77,3.31,77,HISC,108,1
HISC 109,78,3.5776923076923075,46,HISC,109,2
HISC 115,231,3.3616883116883116,117,HISC,115,3
HISC 119,58,3.7106896551724136,26,HISC,119,4
HISC 123,21,3.94,21,HISC,123,5
HISC 131,102,3.516666666666667,52,HISC,131,6
