Course,Enroll,GPA,yearly_num,dept,num,index
HISC 106,39,3.75,39,HISC,106,0
HISC 107,97,3.016288659793815,49,HISC,107,1
HISC 109,78,3.5953846153846154,46,HISC,109,2
HISC 115,231,3.3616883116883116,117,HISC,115,3
HISC 117,34,3.07,34,HISC,117,4
HISC 123,21,3.94,21,HISC,123,5
HISC 131,102,3.516666666666667,52,HISC,131,6
