Course,GPA,yearly_num,dept,num,index
HISC 107,3.196376582278481,48,HISC,107,0
HISC 108,3.3229050279329613,77,HISC,108,1
HISC 109,3.65432,47,HISC,109,2
HISC 115,3.4327567567567567,114,HISC,115,3
HISC 119,3.730328947368421,50,HISC,119,4
HISC 131,3.229575221238938,50,HISC,131,5
