Course,GPA,yearly_num,dept,num,index
HITO 100,3.5366666666666666,84,HITO,100,0
HITO 119,3.4632903225806446,15,HITO,119,1
HITO 133,3.2823746701846965,51,HITO,133,2
