Course,Enroll,GPA,yearly_num,dept,num,index
HITO 100,166,3.6215662650602414,82,HITO,100,0
HITO 133,86,3.2823255813953485,35,HITO,133,1
HITO 178,20,3.87,20,HITO,178,2
