Course,Enroll,GPA,yearly_num,dept,num,index
HITO 100,109,3.6108256880733944,54,HITO,100,0
HITO 133,86,3.2823255813953485,86,HITO,133,1
