Course,Enroll,GPA,yearly_num,dept,num,index
HITO 100,138,3.5833333333333335,54,HITO,100,0
HITO 133,86,3.2823255813953485,86,HITO,133,1
