Course,Enroll,GPA,yearly_num,dept,num,index
HITO 100,109,3.6108256880733944,84,HITO,100,0
HITO 119,155,3.4632903225806446,15,HITO,119,1
HITO 133,414,3.270338164251208,51,HITO,133,2
