Course,GPA,yearly_num,dept,num,index
HMNR 100,3.4720603015075375,16,HMNR,100,0
HMNR 101,3.4412962962962967,6,HMNR,101,1
