Course,index,GPA,yearly_num,dept
HMNR 100,0,3.4188059701492537,0,HMNR
HMNR 101,1,3.30089552238806,0,HMNR
