Course,Enroll,GPA,yearly_num,dept,num,index
HMNR 100,199,3.4720603015075375,16,HMNR,100,0
HMNR 101,270,3.4412962962962967,6,HMNR,101,1
