Course,GPA,yearly_num,dept,num,index
HMNR 100,3.4188059701492537,0,HMNR,100,0
HMNR 101,3.30089552238806,0,HMNR,101,1
