Course,Enroll,GPA,yearly_num,dept,num,index
HUM 1,2086,3.119352828379674,984,HUM,1,0
HUM 2,2050,3.104321951219512,1094,HUM,2,1
HUM 3,1725,3.185588405797102,938,HUM,3,2
HUM 4,1288,3.110667701863354,636,HUM,4,3
HUM 5,1533,3.0188062622309197,716,HUM,5,4
