Course,Enroll,GPA,yearly_num,dept,num,index
HUM 1,2086,3.1181351869606906,984,HUM,1,0
HUM 2,2045,3.060352078239609,951,HUM,2,1
HUM 3,1725,3.185588405797102,938,HUM,3,2
HUM 4,1288,3.110667701863354,636,HUM,4,3
HUM 5,1127,3.0670984915705413,411,HUM,5,4
