Course,index,GPA,yearly_num,dept
HUM 1,0,2.954243837959723,1102,HUM
HUM 2,1,2.9837448264883792,1094,HUM
HUM 3,2,2.9757051904607748,959,HUM
HUM 3GS,3,3.6306567164179104,51,HUM
HUM 4,4,2.9364932645457147,808,HUM
HUM 4GS,5,3.426144578313253,28,HUM
HUM 5,6,3.002971180821219,863,HUM
