Course,Enroll,GPA,yearly_num,dept,num,index
HUM 1,12861,2.954243837959723,1102,HUM,1,0
HUM 2,12564,2.9837448264883792,1094,HUM,2,1
HUM 3,10205,3.0081528662420385,959,HUM,3,2
HUM 3GS,335,3.6306567164179104,51,HUM,3,3
HUM 4,6978,2.9364932645457147,808,HUM,4,4
HUM 4GS,166,3.426144578313253,28,HUM,4,5
HUM 5,7842,3.002971180821219,863,HUM,5,6
