Course,Enroll,GPA,yearly_num,dept,num,index
INTL 101,1066,3.3795872420262665,466,INTL,101,0
INTL 102,1060,3.1431981132075473,490,INTL,102,1
INTL 190,402,3.197313432835821,479,INTL,190,2
