Course,Enroll,GPA,yearly_num,dept,num,index
INTL 101,6886,3.2089631135637524,600,INTL,101,0
INTL 102,6402,3.153072477350828,570,INTL,102,1
INTL 190,2073,3.4062855764592377,544,INTL,190,2
