Course,Enroll,GPA,yearly_num,dept,num,index
INTL 101,1169,3.438289136013687,516,INTL,101,0
INTL 102,1101,3.1501544050862855,524,INTL,102,1
INTL 190,481,3.2493762993762996,505,INTL,190,2
