Course,index,GPA,yearly_num,dept
INTL 101,0,3.2089631135637524,600,INTL
INTL 102,1,3.153072477350828,570,INTL
INTL 190,2,3.4062855764592377,241,INTL
