Course,Enroll,GPA,yearly_num,dept,num,index
INTL 101,7063,3.2112445136627494,600,INTL,101,0
INTL 102,6576,3.1434656326034065,570,INTL,102,1
INTL 190,2073,3.4062855764592377,544,INTL,190,2
