Course,Enroll,GPA,yearly_num,dept,num,index
LATI 10,641,3.5750078003120125,282,LATI,10,0
LATI 50,1788,3.3454977628635345,276,LATI,50,1
LATI 180,92,3.542608695652174,82,LATI,180,2
