Course,Enroll,GPA,yearly_num,dept,num,index
LATI 10,585,3.7391452991452994,329,LATI,10,0
LATI 50,435,3.578183908045977,232,LATI,50,1
LATI 180,93,3.549677419354839,21,LATI,180,2
