Course,Enroll,GPA,yearly_num,dept,num,index
LATI 10,567,3.703174603174603,321,LATI,10,0
LATI 50,404,3.559133663366337,230,LATI,50,1
LATI 180,93,3.549677419354839,55,LATI,180,2
