Course,index,GPA,yearly_num,dept
LATI 10,0,3.5750078003120125,282,LATI
LATI 50,1,3.3454977628635345,276,LATI
LATI 122A,2,3.7757142857142854,0,LATI
LATI 122C,3,3.5200000000000005,0,LATI
LATI 180,4,3.542608695652174,72,LATI
