Course,GPA,yearly_num,dept,num,index
LATI 10,3.5750078003120125,282,LATI,10,0
LATI 50,3.3454977628635345,276,LATI,50,1
LATI 122A,3.7757142857142854,0,LATI,122,2
LATI 122C,3.5200000000000005,0,LATI,122,3
LATI 180,3.542608695652174,82,LATI,180,4
