Course,Enroll,GPA,yearly_num,dept,num,index
LATI 10,437,3.7249427917620137,321,LATI,10,0
LATI 50,346,3.555635838150289,230,LATI,50,1
LATI 180,93,3.549677419354839,55,LATI,180,2
