Course,Enroll,GPA,yearly_num,dept,num,index
LIHL 114F,31,3.39,31,LIHL,114,0
LIHL 114W,20,3.6100000000000003,20,LIHL,114,1
LIHL 117P,25,3.86,25,LIHL,117,2
LIHL 118,53,3.5030188679245287,77,LIHL,118,3
LIHL 119P,27,3.23,27,LIHL,119,4
LIHL 124P,22,3.43,11,LIHL,124,5
