Course,Enroll,GPA,yearly_num,dept,num,index
LIHL 112P,25,3.58,25,LIHL,112,0
LIHL 112W,24,3.67,24,LIHL,112,1
LIHL 114F,31,3.39,31,LIHL,114,2
LIHL 114W,20,3.63,20,LIHL,114,3
LIHL 117P,47,3.85063829787234,22,LIHL,117,4
LIHL 118,113,3.6118584070796462,86,LIHL,118,5
