Course,Enroll,GPA,yearly_num,dept,num,index
LIHL 112W,24,3.6300000000000003,24,LIHL,112,0
LIHL 114F,31,3.39,31,LIHL,114,1
LIHL 114W,20,3.6100000000000003,20,LIHL,114,2
LIHL 117P,25,3.86,25,LIHL,117,3
LIHL 118,77,3.5800000000000005,77,LIHL,118,4
LIHL 119P,27,3.23,27,LIHL,119,5
LIHL 124P,22,3.43,11,LIHL,124,6
