Course,GPA,yearly_num,dept,num,index
LTAM 108,3.349861111111111,0,LTAM,108,0
LTAM 110,3.428021052631579,34,LTAM,110,1
LTAM 111,3.525555555555556,49,LTAM,111,2
LTAM 130,3.63,0,LTAM,130,3
LTAM 140,3.63,38,LTAM,140,4
