Course,Enroll,GPA,yearly_num,dept,num,index
LTAM 110,73,3.583561643835617,39,LTAM,110,0
LTAM 111,95,3.659473684210526,46,LTAM,111,1
