Course,index,GPA,yearly_num,dept
LTAM 108,0,3.349861111111111,0,LTAM
LTAM 110,1,3.428021052631579,34,LTAM
LTAM 111,2,3.525555555555556,49,LTAM
LTAM 130,3,3.63,0,LTAM
LTAM 140,4,3.63,38,LTAM
