Course,Enroll,GPA,yearly_num,dept,num,index
LTAM 110,514,3.4486575875486385,34,LTAM,110,0
LTAM 111,99,3.525555555555556,49,LTAM,111,1
LTAM 140,38,3.63,38,LTAM,140,2
