Course,Enroll,GPA,yearly_num,dept,num,index
LTCS 52,547,3.556106032906764,38,LTCS,52,0
LTCS 100,113,3.3424778761061944,39,LTCS,100,1
LTCS 119,79,3.724177215189873,34,LTCS,119,2
LTCS 130,345,3.574376811594203,83,LTCS,130,3
