Course,GPA,yearly_num,dept,num,index
LTCS 52,3.556106032906764,38,LTCS,52,0
LTCS 100,3.3424778761061944,39,LTCS,100,1
LTCS 119,3.5727450980392153,34,LTCS,119,2
LTCS 130,3.5376623376623373,83,LTCS,130,3
