Course,Enroll,GPA,yearly_num,dept,num,index
LTEA 110C,127,3.639291338582677,53,LTEA,110,0
LTEA 120A,570,3.703526315789474,281,LTEA,120,1
LTEA 120B,433,3.4683371824480367,225,LTEA,120,2
LTEA 132,137,3.817226277372263,58,LTEA,132,3
LTEA 138,607,3.884810543657331,292,LTEA,138,4
LTEA 140,34,3.61,34,LTEA,140,5
LTEA 141,80,3.7631249999999996,45,LTEA,141,6
LTEA 142,112,3.84,112,LTEA,142,7
LTEA 143,61,3.42,61,LTEA,143,8
