Course,Enroll,GPA,yearly_num,dept,num,index
LTEA 100B,94,3.490425531914893,38,LTEA,100,0
LTEA 110A,987,3.3023404255319146,76,LTEA,110,1
LTEA 110C,661,3.597095310136157,74,LTEA,110,2
LTEA 120A,2182,3.5206370302474794,320,LTEA,120,3
LTEA 120B,2038,3.2607016683022567,208,LTEA,120,4
LTEA 132,490,3.694204081632653,108,LTEA,132,5
LTEA 138,2322,3.8801378122308354,315,LTEA,138,6
LTEA 141,147,3.5573469387755106,35,LTEA,141,7
