Course,Enroll,GPA,yearly_num,dept,num,index
LTEA 110A,76,3.74,76,LTEA,110,0
LTEA 120A,570,3.703526315789474,570,LTEA,120,1
LTEA 138,607,3.884810543657331,292,LTEA,138,2
LTEA 140,34,3.61,34,LTEA,140,3
LTEA 141,80,3.7631249999999996,80,LTEA,141,4
LTEA 142,112,3.84,112,LTEA,142,5
