Course,Enroll,GPA,yearly_num,dept,num,index
LTEU 105,72,3.8588888888888886,38,LTEU,105,0
LTEU 140,37,4.0,37,LTEU,140,1
LTEU 141,131,3.643358778625954,74,LTEU,141,2
LTEU 150A,25,3.68,25,LTEU,150,3
