Course,Enroll,GPA,yearly_num,dept,num,index
LTEU 100,37,3.9799999999999995,37,LTEU,100,0
LTEU 105,72,3.8588888888888886,38,LTEU,105,1
LTEU 141,105,3.6565714285714286,53,LTEU,141,2
LTEU 150A,25,3.68,25,LTEU,150,3
LTEU 154,52,3.688653846153846,25,LTEU,154,4
