Course,GPA,yearly_num,dept,num,index
LTEU 105,3.934278606965174,34,LTEU,105,0
LTEU 110,3.3616129032258066,40,LTEU,110,1
LTEU 140,3.931678321678322,37,LTEU,140,2
LTEU 141,3.64784,69,LTEU,141,3
LTEU 154,3.811153846153846,27,LTEU,154,4
