Course,GPA,yearly_num,dept,num,index
LTEU 100,3.9299999999999997,0,LTEU,100,0
LTEU 105,3.934278606965174,34,LTEU,105,1
LTEU 110,3.3616129032258066,40,LTEU,110,2
LTEU 137GS,3.45,0,LTEU,137,3
LTEU 139,3.35,0,LTEU,139,4
LTEU 140,3.931678321678322,37,LTEU,140,5
LTEU 141,3.64784,69,LTEU,141,6
LTEU 150B,3.355762711864407,0,LTEU,150,7
LTEU 150C,3.513207547169811,0,LTEU,150,8
LTEU 154,3.811153846153846,27,LTEU,154,9
LTEU 158,3.2817757009345794,0,LTEU,158,10
