Course,index,GPA,yearly_num,dept
LTEU 100,0,3.9299999999999997,0,LTEU
LTEU 105,1,3.934278606965174,34,LTEU
LTEU 110,2,3.3616129032258066,40,LTEU
LTEU 137GS,3,3.45,0,LTEU
LTEU 139,4,3.35,0,LTEU
LTEU 140,5,3.931678321678322,37,LTEU
LTEU 141,6,3.64784,69,LTEU
LTEU 150B,7,3.355762711864407,0,LTEU
LTEU 150C,8,3.513207547169811,0,LTEU
LTEU 154,9,3.811153846153846,27,LTEU
LTEU 158,10,3.2817757009345794,0,LTEU
