Course,Enroll,GPA,yearly_num,dept,num,index
LTEU 105,34,3.8799999999999994,38,LTEU,105,0
LTEU 140,37,4.0,37,LTEU,140,1
LTEU 141,95,3.6597894736842105,74,LTEU,141,2
LTEU 150A,25,3.68,25,LTEU,150,3
