Course,index,GPA,yearly_num,dept
LTFR 2A,0,3.5638235294117644,22,LTFR
LTFR 2C,1,3.1619512195121953,0,LTFR
LTFR 115,2,3.414263565891473,0,LTFR
LTFR 116,3,3.4775641025641026,0,LTFR
LTFR 143,4,3.4,0,LTFR
