Course,Enroll,GPA,yearly_num,dept,num,index
LTFR 2A,68,3.5638235294117644,39,LTFR,2,0
LTFR 2C,41,3.1619512195121953,26,LTFR,2,1
LTFR 115,129,3.414263565891473,11,LTFR,115,2
