Course,GPA,yearly_num,dept,num,index
LTFR 2A,3.5638235294117644,39,LTFR,2,0
LTFR 2C,3.1619512195121953,26,LTFR,2,1
LTFR 115,3.414263565891473,11,LTFR,115,2
LTFR 116,3.4775641025641026,0,LTFR,116,3
LTFR 143,3.4,0,LTFR,143,4
