Course,GPA,yearly_num,dept,num,index
LTGM 2A,3.6252592592592596,15,LTGM,2,0
LTGM 2B,3.5302439024390244,17,LTGM,2,1
