Course,index,GPA,yearly_num,dept
LTGM 2A,0,3.6252592592592596,0,LTGM
LTGM 2B,1,3.5302439024390244,0,LTGM
