Course,GPA,yearly_num,dept,num,index
LTIT 2A,3.8972,0,LTIT,2,0
LTIT 2B,3.99,0,LTIT,2,1
LTIT 50,3.9151020408163264,0,LTIT,50,2
LTIT 100,3.900235294117647,0,LTIT,100,3
LTIT 115,4.0,0,LTIT,115,4
LTIT 122,3.5099999999999993,0,LTIT,122,5
LTIT 161,3.83,0,LTIT,161,6
