Course,index,GPA,yearly_num,dept
LTIT 2A,0,3.8972,0,LTIT
LTIT 2B,1,3.99,0,LTIT
LTIT 50,2,3.9151020408163264,0,LTIT
LTIT 100,3,3.900235294117647,0,LTIT
LTIT 115,4,4.0,0,LTIT
LTIT 122,5,3.5099999999999993,0,LTIT
LTIT 161,6,3.83,0,LTIT
