Course,GPA,yearly_num,dept,num,index
LTKO 1A,3.5622988505747126,204,LTKO,1,0
LTKO 1B,3.5872025723472665,128,LTKO,1,1
LTKO 1C,3.5262597402597406,113,LTKO,1,2
LTKO 2A,3.472926829268293,74,LTKO,2,3
LTKO 2B,3.66,19,LTKO,2,4
LTKO 2C,3.6794736842105262,17,LTKO,2,5
LTKO 149,3.510697674418604,20,LTKO,149,6
