Course,index,GPA,yearly_num,dept
LTKO 1A,0,3.5622988505747126,204,LTKO
LTKO 1B,1,3.5872025723472665,100,LTKO
LTKO 1C,2,3.5262597402597406,83,LTKO
LTKO 2A,3,3.472926829268293,49,LTKO
LTKO 2B,4,3.66,0,LTKO
LTKO 2C,5,3.6794736842105262,0,LTKO
LTKO 3,6,3.6699999999999995,0,LTKO
LTKO 100,7,3.4401616915422886,0,LTKO
LTKO 149,8,3.510697674418604,20,LTKO
