Course,Enroll,GPA,yearly_num,dept,num,index
LTKO 1A,500,3.57724,204,LTKO,1,0
LTKO 1B,311,3.5872025723472665,128,LTKO,1,1
LTKO 1C,385,3.5262597402597406,113,LTKO,1,2
LTKO 2A,316,3.5015506329113926,74,LTKO,2,3
LTKO 2B,65,3.66,19,LTKO,2,4
LTKO 2C,76,3.6794736842105262,17,LTKO,2,5
LTKO 149,43,3.510697674418604,20,LTKO,149,6
