Course,Enroll,GPA,yearly_num,dept,num,index
LTKO 1A,356,3.556011235955056,188,LTKO,1,0
LTKO 1B,193,3.6558549222797923,144,LTKO,1,1
LTKO 1C,173,3.6142196531791906,107,LTKO,1,2
LTKO 2A,119,3.664033613445378,70,LTKO,2,3
LTKO 2B,26,3.73,26,LTKO,2,4
LTKO 2C,21,3.57,21,LTKO,2,5
