Course,Enroll,GPA,yearly_num,dept,num,index
LTLA 1,623,3.2058426966292135,39,LTLA,1,0
LTLA 2,289,3.4559515570934254,30,LTLA,2,1
LTLA 3,251,3.3509960159362544,28,LTLA,3,2
LTLA 100,212,3.1851415094339623,18,LTLA,100,3
