Course,index,GPA,yearly_num,dept
LTLA 1,0,3.156843910806175,39,LTLA
LTLA 2,1,3.4559515570934254,30,LTLA
LTLA 3,2,3.3509960159362544,28,LTLA
LTLA 100,3,3.1851415094339623,0,LTLA
LTLA 103,4,3.22,0,LTLA
