Course,Enroll,GPA,yearly_num,dept,num,index
LTLA 1,79,3.6830379746835447,40,LTLA,1,0
LTLA 2,67,3.8694029850746268,37,LTLA,2,1
LTLA 3,66,3.8345454545454545,38,LTLA,3,2
