Course,GPA,yearly_num,dept,num,index
LTLA 1,3.156843910806175,39,LTLA,1,0
LTLA 2,3.4559515570934254,30,LTLA,2,1
LTLA 3,3.3509960159362544,28,LTLA,3,2
LTLA 100,3.1851415094339623,0,LTLA,100,3
LTLA 103,3.22,0,LTLA,103,4
