Course,index,GPA,yearly_num,dept
LTRU 1A,0,3.685326633165829,24,LTRU
LTRU 1B,1,3.6808455882352944,0,LTRU
LTRU 1C,2,3.809408602150538,0,LTRU
LTRU 2A,3,3.805172413793103,20,LTRU
LTRU 104A,4,4.0,0,LTRU
LTRU 104B,5,4.0,0,LTRU
