Course,GPA,yearly_num,dept,num,index
LTRU 1A,3.685326633165829,24,LTRU,1,0
LTRU 1B,3.6808455882352944,0,LTRU,1,1
LTRU 1C,3.809408602150538,0,LTRU,1,2
LTRU 2A,3.805172413793103,20,LTRU,2,3
LTRU 104A,4.0,0,LTRU,104,4
LTRU 104B,4.0,0,LTRU,104,5
