Course,Enroll,GPA,yearly_num,dept,num,index
LTRU 1A,398,3.685326633165829,24,LTRU,1,0
LTRU 1B,272,3.6808455882352944,19,LTRU,1,1
LTRU 1C,186,3.809408602150538,18,LTRU,1,2
LTRU 2A,87,3.805172413793103,20,LTRU,2,3
LTRU 104A,49,4.0,17,LTRU,104,4
LTRU 104B,21,4.0,8,LTRU,104,5
LTRU 150,28,3.7399999999999998,7,LTRU,150,6
