Course,Enroll,GPA,yearly_num,dept,num,index
LTSP 2A,188,3.286755319148936,88,LTSP,2,0
LTSP 2B,169,3.3771005917159767,86,LTSP,2,1
LTSP 2C,150,3.312133333333333,80,LTSP,2,2
LTSP 2D,97,3.5280412371134022,49,LTSP,2,3
LTSP 2E,131,3.7483969465648856,95,LTSP,2,4
LTSP 100A,22,3.6899999999999995,26,LTSP,100,5
LTSP 100B,99,3.645454545454545,94,LTSP,100,6
