Course,Enroll,GPA,yearly_num,dept,num,index
LTSP 2A,211,3.352037914691943,110,LTSP,2,0
LTSP 2B,169,3.3771005917159767,86,LTSP,2,1
LTSP 2C,231,3.376060606060606,117,LTSP,2,2
LTSP 2D,97,3.5280412371134022,49,LTSP,2,3
LTSP 2E,107,3.7861682242990655,71,LTSP,2,4
LTSP 100A,22,3.6899999999999995,48,LTSP,100,5
LTSP 100B,54,3.544444444444444,73,LTSP,100,6
LTSP 140,20,3.62,8,LTSP,140,7
