Course,index,GPA,yearly_num,dept
LTTH 110,0,3.9113793103448278,0,LTTH
LTTH 115,1,3.6943237250554324,28,LTTH
LTTH 150,2,3.9227272727272737,0,LTTH
