Course,GPA,yearly_num,dept,num,index
LTTH 110,3.9113793103448278,0,LTTH,110,0
LTTH 115,3.6943237250554324,28,LTTH,115,1
LTTH 150,3.9227272727272737,0,LTTH,150,2
