Course,Enroll,GPA,yearly_num,dept,num,index
MMW 11,11755,3.206713738834538,1157,MMW,11,0
MMW 12,15110,3.173412971542025,1082,MMW,12,1
MMW 13,12306,3.302133105802048,1053,MMW,13,2
MMW 14,11584,3.3156888812154697,991,MMW,14,3
MMW 15,10798,3.368890535284312,896,MMW,15,4
MMW 15GS,2625,3.203260952380952,28,MMW,15,5
MMW 121,3332,3.067710084033614,53,MMW,121,6
MMW 121R,912,3.4318092105263163,489,MMW,121,7
MMW 122,3547,3.141556244713843,507,MMW,122,8
