Course,Enroll,GPA,yearly_num,dept,num,index
MMW 11,1157,3.4591270527225584,349,MMW,11,0
MMW 11R,624,3.781794871794872,624,MMW,11,1
MMW 12,2087,3.4927216099664586,1029,MMW,12,2
MMW 13,2029,3.4764021685559388,992,MMW,13,3
MMW 14,1243,3.4476025744167336,598,MMW,14,4
MMW 15,1190,3.643638655462185,628,MMW,15,5
MMW 121,385,3.2736623376623375,385,MMW,121,6
MMW 122,766,3.343668407310705,373,MMW,122,7
