Course,Enroll,GPA,yearly_num,dept,num,index
MMW 11,1157,3.4591270527225584,349,MMW,11,0
MMW 11R,624,3.781794871794872,624,MMW,11,1
MMW 12,1742,3.495309988518944,1029,MMW,12,2
MMW 13,1999,3.5161630815407707,1037,MMW,13,3
MMW 14,1243,3.433177795655672,598,MMW,14,4
MMW 15,1240,3.5889435483870966,562,MMW,15,5
MMW 121,385,3.2736623376623375,385,MMW,121,6
MMW 122,766,3.3129765013054833,373,MMW,122,7
