Course,GPA,yearly_num,dept,num,index
MMW 11,3.206713738834538,1157,MMW,11,0
MMW 12,3.173412971542025,1082,MMW,12,1
MMW 13,3.302133105802048,1053,MMW,13,2
MMW 14,3.307430043528471,991,MMW,14,3
MMW 15,3.368890535284312,896,MMW,15,4
MMW 15GS,3.203260952380952,28,MMW,15,5
MMW 121,3.0408042076688155,53,MMW,121,6
MMW 121R,3.4318092105263163,489,MMW,121,7
MMW 122,3.141556244713843,507,MMW,122,8
