Course,Enroll,GPA,yearly_num,dept,num,index
RELI 1,74,3.87,37,RELI,1,0
RELI 2,59,4.0,59,RELI,2,1
RELI 101,112,3.8558928571428575,28,RELI,101,2
RELI 188,108,3.829814814814815,36,RELI,188,3
