Course,Enroll,GPA,yearly_num,dept,num,index
RELI 1,640,3.4727812499999997,37,RELI,1,0
RELI 101,431,3.8920417633410676,39,RELI,101,1
RELI 149,263,3.906311787072244,40,RELI,149,2
RELI 188,566,3.577208480565371,72,RELI,188,3
