Course,GPA,yearly_num,dept,num,index
RELI 1,3.4404311774461025,37,RELI,1,0
RELI 101,3.8920417633410676,39,RELI,101,1
RELI 149,3.906311787072244,40,RELI,149,2
RELI 188,3.577208480565371,72,RELI,188,3
