Course,Enroll,GPA,yearly_num,dept,num,index
RELI 1,74,3.87,37,RELI,1,0
RELI 101,112,3.8558928571428575,28,RELI,101,1
RELI 188,72,3.8047222222222223,36,RELI,188,2
