Course,Enroll,GPA,yearly_num,dept,num,index
SYN 1,1767,3.8751046972269387,886,SYN,1,0
SYN 2,1319,3.9017134192570135,828,SYN,2,1
SYN 100,505,3.9612871287128715,505,SYN,100,2
