Course,Enroll,GPA,yearly_num,dept,num,index
SYN 1,1453,3.87532002752925,900,SYN,1,0
SYN 2,510,3.8837450980392156,510,SYN,2,1
