Course,index,GPA,yearly_num,dept
SYN 1,0,3.87532002752925,900,SYN
SYN 2,1,3.8837450980392156,510,SYN
