Course,Enroll,GPA,yearly_num,dept,num,index
SYN 1,1453,3.87532002752925,900,SYN,1,0
SYN 2,1065,3.893295774647888,510,SYN,2,1
