Course,Enroll,GPA,yearly_num,dept,num,index
SYN 1,1416,3.8774011299435025,836,SYN,1,0
SYN 2,1299,3.900839107005389,828,SYN,2,1
SYN 100,356,3.955084269662921,387,SYN,100,2
