Course,Enroll,GPA,yearly_num,dept,num,index
TDAC 1,881,3.87510783200908,590,TDAC,1,0
TDAC 101,215,3.80553488372093,141,TDAC,101,1
TDAC 102,108,3.9941666666666666,64,TDAC,102,2
TDAC 103A,23,3.82,23,TDAC,103,3
TDAC 105,20,3.8899999999999997,20,TDAC,105,4
TDAC 109,20,4.0,20,TDAC,109,5
TDAC 111,22,3.7899999999999996,22,TDAC,111,6
TDAC 115,45,3.6666666666666665,14,TDAC,115,7
