Course,index,GPA,yearly_num,dept
TDAC 1,0,3.794924784217016,405,TDAC
TDAC 101,1,3.834754098360656,111,TDAC
TDAC 102,2,3.8957037037037043,44,TDAC
TDAC 103A,3,3.868913043478261,0,TDAC
TDAC 103B,4,3.902222222222222,0,TDAC
TDAC 107,5,3.75,0,TDAC
TDAC 108,6,3.9213043478260867,0,TDAC
TDAC 109,7,4.0,0,TDAC
TDAC 110,8,3.9400000000000004,0,TDAC
TDAC 111,9,3.7885714285714287,0,TDAC
TDAC 112,10,3.6739622641509433,28,TDAC
TDAC 115,11,3.7800666666666665,45,TDAC
TDAC 122,12,4.0,0,TDAC
