Course,Enroll,GPA,yearly_num,dept,num,index
TDAC 1,4055,3.794924784217016,529,TDAC,1,0
TDAC 101,793,3.834754098360656,130,TDAC,101,1
TDAC 102,270,3.8957037037037043,94,TDAC,102,2
TDAC 109,20,4.0,13,TDAC,109,3
TDAC 111,126,3.7885714285714287,19,TDAC,111,4
TDAC 112,53,3.6739622641509433,28,TDAC,112,5
TDAC 115,150,3.7800666666666665,45,TDAC,115,6
TDAC 122,53,4.0,39,TDAC,122,7
