Course,Enroll,GPA,yearly_num,dept,num,index
TDAC 1,792,3.881111111111111,502,TDAC,1,0
TDAC 101,173,3.8263005780346817,144,TDAC,101,1
TDAC 102,88,3.992840909090909,80,TDAC,102,2
TDAC 103A,23,3.82,23,TDAC,103,3
TDAC 111,20,3.94,19,TDAC,111,4
TDAC 115,45,3.6666666666666665,25,TDAC,115,5
