Course,Enroll,GPA,yearly_num,dept,num,index
TDAC 1,4199,3.8008621100261966,529,TDAC,1,0
TDAC 101,834,3.833081534772182,130,TDAC,101,1
TDAC 102,291,3.90106529209622,94,TDAC,102,2
TDAC 109,20,4.0,13,TDAC,109,3
TDAC 111,126,3.7885714285714287,19,TDAC,111,4
TDAC 112,53,3.6739622641509433,28,TDAC,112,5
TDAC 115,150,3.7800666666666665,45,TDAC,115,6
TDAC 122,53,4.0,39,TDAC,122,7
