Course,GPA,yearly_num,dept,num,index
TDDE 1,3.5116055625790144,181,TDDE,1,0
TDDE 101,3.75,20,TDDE,101,1
TDDE 111,3.687560975609756,0,TDDE,111,2
TDDE 121,3.7053488372093026,0,TDDE,121,3
