Course,index,GPA,yearly_num,dept
TDDE 1,0,3.5116055625790144,181,TDDE
TDDE 101,1,3.75,20,TDDE
TDDE 111,2,3.687560975609756,0,TDDE
TDDE 121,3,3.7053488372093026,0,TDDE
