Course,Enroll,GPA,yearly_num,dept,num,index
TDDE 1,2460,3.5012926829268296,181,TDDE,1,0
TDDE 101,20,3.75,20,TDDE,101,1
TDDE 121,43,3.7053488372093026,12,TDDE,121,2
