Course,GPA,yearly_num,dept,num,index
TDDM 1,3.9857714285714283,33,TDDM,1,0
TDDM 5,3.905409836065574,30,TDDM,5,1
TDDM 100,4.0,0,TDDM,100,2
