Course,Enroll,GPA,yearly_num,dept,num,index
TDDM 1,175,3.9857714285714283,50,TDDM,1,0
TDDM 5,61,3.905409836065574,30,TDDM,5,1
TDDM 100,51,4.0,17,TDDM,100,2
