Course,index,GPA,yearly_num,dept
TDDM 1,0,3.9857714285714283,33,TDDM
TDDM 5,1,3.905409836065574,30,TDDM
TDDM 100,2,4.0,0,TDDM
