Course,GPA,yearly_num,dept,num,index
TDDR 101,3.6629871323529413,74,TDDR,101,0
TDDR 108,3.766265060240964,20,TDDR,108,1
TDDR 111,4.0,0,TDDR,111,2
