Course,Enroll,GPA,yearly_num,dept,num,index
TDDR 101,153,3.645947712418301,79,TDDR,101,0
TDDR 108,40,3.4900000000000007,20,TDDR,108,1
TDDR 111,28,3.84,43,TDDR,111,2
