Course,index,GPA,yearly_num,dept
TDDR 101,0,3.6629871323529413,74,TDDR
TDDR 108,1,3.766265060240964,20,TDDR
TDDR 111,2,4.0,0,TDDR
