Course,Enroll,GPA,yearly_num,dept,num,index
TDDR 101,1125,3.66552,74,TDDR,101,0
TDDR 108,83,3.766265060240964,20,TDDR,108,1
TDDR 111,94,3.9523404255319146,34,TDDR,111,2
