Course,Enroll,GPA,yearly_num,dept,num,index
TDGE 1,594,3.8341077441077442,356,TDGE,1,0
TDGE 10,385,3.5910909090909096,191,TDGE,10,1
TDGE 11,992,3.7233366935483874,601,TDGE,11,2
TDGE 25,280,3.8364285714285717,308,TDGE,25,3
TDGE 100,98,3.8499999999999996,49,TDGE,100,4
TDGE 124,813,3.7908856088560885,394,TDGE,124,5
TDGE 127,195,3.7100000000000004,195,TDGE,127,6
