Course,Enroll,GPA,yearly_num,dept,num,index
TDGE 1,711,3.7975105485232064,351,TDGE,1,0
TDGE 10,585,3.594136752136752,391,TDGE,10,1
TDGE 11,795,3.682490566037736,408,TDGE,11,2
TDGE 25,300,3.8326666666666664,305,TDGE,25,3
TDGE 100,98,3.8549999999999995,49,TDGE,100,4
TDGE 124,837,3.7748864994026285,434,TDGE,124,5
TDGE 125,236,3.6086440677966105,236,TDGE,125,6
TDGE 127,195,3.7100000000000004,195,TDGE,127,7
