Course,Enroll,GPA,yearly_num,dept,num,index
TDGE 1,4371,3.7292724776938915,527,TDGE,1,0
TDGE 5,256,3.889296875,17,TDGE,5,1
TDGE 10,4019,3.4529410301069916,314,TDGE,10,2
TDGE 11,10129,3.456255306545563,520,TDGE,11,3
TDGE 25,725,3.8104689655172415,319,TDGE,25,4
TDGE 100,247,3.885141700404858,49,TDGE,100,5
TDGE 124,3250,3.695,522,TDGE,124,6
TDGE 125,569,3.6786115992970125,157,TDGE,125,7
TDGE 131,344,3.628139534883721,76,TDGE,131,8
