Course,GPA,yearly_num,dept,num,index
TDGE 1,3.7241270588235293,527,TDGE,1,0
TDGE 5,3.889296875,17,TDGE,5,1
TDGE 10,3.453087774294671,314,TDGE,10,2
TDGE 11,3.4612328904991947,520,TDGE,11,3
TDGE 25,3.7965736434108526,319,TDGE,25,4
TDGE 100,3.885141700404858,49,TDGE,100,5
TDGE 124,3.695,522,TDGE,124,6
TDGE 125,3.6786115992970125,157,TDGE,125,7
TDGE 131,3.628139534883721,76,TDGE,131,8
