Course,Enroll,GPA,yearly_num,dept,num,index
TDHT 21,1096,3.3354379562043794,64,TDHT,21,0
TDHT 22,765,3.239686274509804,67,TDHT,22,1
TDHT 23,911,3.2561031833150382,72,TDHT,23,2
TDHT 101,845,3.526189349112426,102,TDHT,101,3
TDHT 102,22,3.8399999999999994,18,TDHT,102,4
TDHT 103,231,3.5685714285714285,24,TDHT,103,5
TDHT 107,136,3.6662500000000002,31,TDHT,107,6
TDHT 114,443,3.33979683972912,23,TDHT,114,7
