Course,Enroll,GPA,yearly_num,dept,num,index
TDHT 21,138,3.5069565217391307,74,TDHT,21,0
TDHT 22,139,3.8091366906474824,72,TDHT,22,1
TDHT 23,148,3.3902702702702703,72,TDHT,23,2
TDHT 101,132,3.479242424242424,114,TDHT,101,3
TDHT 111,24,3.4,38,TDHT,111,4
TDHT 114,132,3.4554545454545456,48,TDHT,114,5
TDHT 115,23,3.5599999999999996,23,TDHT,115,6
TDHT 119,21,3.49,21,TDHT,119,7
