Course,Enroll,GPA,yearly_num,dept,num,index
TDHT 21,138,3.5069565217391307,74,TDHT,21,0
TDHT 22,139,3.8091366906474824,72,TDHT,22,1
TDHT 23,143,3.2247552447552446,71,TDHT,23,2
TDHT 101,159,3.50314465408805,57,TDHT,101,3
TDHT 103,51,3.9200000000000004,27,TDHT,103,4
TDHT 104,25,4.0,25,TDHT,104,5
TDHT 111,38,3.37,38,TDHT,111,6
TDHT 114,48,3.85,48,TDHT,114,7
TDHT 115,23,3.5599999999999996,41,TDHT,115,8
TDHT 119,21,3.49,21,TDHT,119,9
TDHT 120,34,3.51,34,TDHT,120,10
