Course,index,GPA,yearly_num,dept
TDPW 102,0,3.677692307692308,22,TDPW
TDPW 104,1,3.6246226415094345,0,TDPW
