Course,GPA,yearly_num,dept,num,index
TDPW 102,3.677692307692308,22,TDPW,102,0
TDPW 104,3.6246226415094345,0,TDPW,104,1
