Course,GPA,yearly_num,dept,num,index
TDTR 10,3.7709274193548388,145,TDTR,10,0
TDTR 15,3.91,23,TDTR,15,1
TDTR 20,3.885490196078431,28,TDTR,20,2
TDTR 101,3.75,0,TDTR,101,3
