Course,Enroll,GPA,yearly_num,dept,num,index
TDTR 10,240,3.8208333333333333,95,TDTR,10,0
TDTR 15,53,3.9439622641509438,30,TDTR,15,1
TDTR 20,57,3.849298245614035,29,TDTR,20,2
TDTR 104,20,3.81,20,TDTR,104,3
