Course,index,GPA,yearly_num,dept
TDTR 10,0,3.7709274193548388,145,TDTR
TDTR 15,1,3.91,23,TDTR
TDTR 20,2,3.885490196078431,28,TDTR
TDTR 101,3,3.75,0,TDTR
