Course,Enroll,GPA,yearly_num,dept,num,index
TDTR 10,220,3.821818181818182,92,TDTR,10,0
TDTR 15,53,3.9439622641509438,30,TDTR,15,1
