Course,Enroll,GPA,yearly_num,dept,num,index
TDTR 10,2029,3.773346476096599,145,TDTR,10,0
TDTR 15,23,3.91,23,TDTR,15,1
TDTR 20,51,3.885490196078431,28,TDTR,20,2
