Course,index,GPA,yearly_num,dept
TWS 20,0,3.515140186915888,0,TWS
TWS 21,1,3.1230198915009044,0,TWS
TWS 21GS,2,3.468571428571429,0,TWS
TWS 22,3,3.353367052023122,0,TWS
TWS 23,4,3.0874582560296844,0,TWS
TWS 24,5,3.3567924528301885,0,TWS
TWS 25,6,3.5215547703180214,0,TWS
TWS 26,7,3.239530201342282,0,TWS
