Course,index,GPA,yearly_num,dept
WCWP 10A,0,3.229710614291684,846,WCWP
WCWP 10B,1,3.3297441702513018,895,WCWP
WCWP 100,2,3.4314752724224644,350,WCWP
