Course,Enroll,GPA,yearly_num,dept,num,index
WCWP 10A,1637,3.6892669517409895,931,WCWP,10,0
WCWP 10B,1774,3.7246786922209694,832,WCWP,10,1
WCWP 100,531,3.5216195856873824,415,WCWP,100,2
