Course,GPA,yearly_num,dept,num,index
WCWP 10A,3.229710614291684,1003,WCWP,10,0
WCWP 10B,3.3297441702513018,973,WCWP,10,1
WCWP 100,3.4314752724224644,476,WCWP,100,2
