Course,GPA,yearly_num,dept,num,index
WCWP 10A,3.229710614291684,846,WCWP,10,0
WCWP 10B,3.3297441702513018,895,WCWP,10,1
WCWP 100,3.4314752724224644,350,WCWP,100,2
