Course,Enroll,GPA,yearly_num,dept,num,index
WCWP 10A,10048,3.2533379777070066,1003,WCWP,10,0
WCWP 10B,8892,3.3321637426900583,973,WCWP,10,1
WCWP 100,1313,3.4445925361766947,476,WCWP,100,2
