Course,Enroll,GPA,yearly_num,dept,num,index
WCWP 10A,1717,3.6775364006988935,931,WCWP,10,0
WCWP 10B,1774,3.7243404735062002,832,WCWP,10,1
WCWP 100,571,3.533415061295972,415,WCWP,100,2
