Course,Enroll,GPA,yearly_num,dept,num,index
WCWP 10A,1691,3.6931697220579536,864,WCWP,10,0
WCWP 10B,1570,3.7950828025477708,675,WCWP,10,1
WCWP 100,590,3.519237288135593,463,WCWP,100,2
